Name;ExchangeRate
Dollar;0.83298401
Pound;1.15748110
Yen;0.007709392
Rubel;0.010859994
Euro;1.000000000
Canadian Dollar;0.66435357
Mexican Peso;0.041789164
Brazil Real;0.15136308
Czech Crown;0.038683146
